БЕ,Дата транзакции,Сумма в RUB
5,2017-01-11,-44163004.64968152
5,2017-01-18,-29600464.675159235
5,2017-01-25,-41897071.560509555
5,2017-02-08,-20985539.713375796
5,2017-02-15,-43735942.280254774
5,2017-02-22,-94343643.43949044
5,2017-03-01,-610157.6687898089
5,2017-03-09,-44052839.050955415
5,2017-03-15,-21311137.433121018
5,2017-03-22,-35788704.85987261
5,2017-03-29,-9521065.388535032
5,2017-04-05,-23493986.356687896
5,2017-04-12,-21575253.261146493
5,2017-04-19,-20798918.089171972
5,2017-04-26,-39515717.98089172
5,2017-05-03,-1377501.8980891719
5,2017-05-10,-43854867.7388535
5,2017-05-17,-22523934.019108277
5,2017-05-24,-42644523.089171976
5,2017-06-07,-21586242.987261146
5,2017-06-14,-21674455.03184713
5,2017-06-21,-12826416.828025479
5,2017-06-28,-52579426.28025478
5,2017-07-05,-26425774.146496814
5,2017-07-12,-20610889.649681527
5,2017-07-19,-43493746.85350318
5,2017-07-26,-19076696.78343949
5,2017-08-02,-26992170.07006369
5,2017-08-09,-22660012.777070064
5,2017-08-16,-21368874.585987262
5,2017-08-23,-44973373.63694267
5,2017-09-13,-48824516.75159235
5,2017-09-20,-22931880.509554137
5,2017-09-27,-47125339.235668786
5,2017-10-11,-48171200.70063694
5,2017-10-18,-49178601.32484076
5,2017-10-25,-15874569.363057323
5,2017-11-01,-1103.9235668789809
5,2017-11-08,-47073507.22929936
5,2017-11-15,-22540528.414012738
5,2017-11-22,-51215462.3566879
5,2017-11-29,-687831.5923566879
5,2017-12-13,-50147050.91719745
5,2017-12-20,-55396774.22292993
5,2017-12-27,-18603240.222929936
5,2018-01-10,-49926350.91719745
5,2018-01-17,-55667259.34394904
5,2018-01-24,-14903739.777070062
5,2018-02-07,-2201708.617834395
5,2018-02-14,-51436597.598726116
5,2018-02-21,-53025043.27388535
5,2018-02-28,-17943726.515923567
5,2018-03-14,-53253035.71337579
5,2018-03-21,-52889018.031847134
5,2018-03-28,-10044671.318471337
5,2018-04-11,-51477378.63694267
5,2018-04-18,-56674270.5477707
5,2018-04-25,-10231795.19745223
5,2018-05-10,-51988600.9044586
5,2018-05-16,-30235506.872611463
5,2018-05-23,-37585139.75159235
5,2018-05-30,-65172464.08280254
5,2018-06-13,-49310115.10191082
5,2018-06-20,-27700482.140127387
5,2018-06-27,-41694330.04458599
5,2018-07-11,-52723032.216560505
5,2018-07-18,-51046979.401273884
5,2018-07-25,-12645416.43312102
5,2018-08-08,-24484639.636942673
5,2018-08-15,-53616233.22292993
5,2018-08-22,-48392242.57961783
5,2018-08-29,-1082885.025477707
5,2018-09-12,-55462872.031847134
5,2018-09-19,-55128280.401273884
5,2018-09-26,-17590730.719745222
5,2018-10-10,-54261620.522292994
5,2018-10-17,-53165887.44585987
5,2018-10-24,-11851336.242038215
5,2018-11-07,-958529.5477707005
5,2018-11-14,-53314381.095541395
5,2018-11-21,-60918403.87261146
5,2018-11-28,-20336477.363057323
5,2018-12-12,-56760950.38853503
5,2018-12-19,-64075663.91719744
5,2018-12-26,-59322159.993630566
5,2019-01-09,-57440591.38853503
5,2019-01-16,-30003000.03821656
5,2019-01-23,-57379257.0955414
5,2019-01-30,-217091.42675159234
5,2019-02-13,-56261290.77707006
5,2019-02-20,-58898304.91082802
5,2019-02-27,-16695727.01910828
5,2019-03-13,-63063594.71974522
5,2019-03-20,-54995845.15286624
5,2019-03-27,-9655354.961783439
5,2019-04-10,-56254702.87898089
5,2019-04-17,-58077002.85350318
5,2019-04-24,-14900048.382165605
5,2019-05-08,-25495146.560509555
5,2019-05-15,-57179676.63057325
5,2019-05-22,-37197560.318471335
5,2019-06-13,-55316110.50955414
5,2019-06-19,-54018809.88535032
5,2019-06-26,-14673884.19745223
5,2019-07-03,-2092.1783439490446
5,2019-07-10,-57215847.974522285
5,2019-07-17,-53844507.63694267
5,2019-07-24,-17676241.184713375
5,2019-08-07,-26108262.114649683
5,2019-08-14,-57245217.51592357
5,2019-08-21,-45153851.82165605
5,2019-08-28,-1524745.7197452227
5,2019-09-11,-60369812.29299363
5,2019-09-18,-57216062.21019108
5,2019-09-25,-24341059.636942677
5,2019-10-09,-63998781.5732484
5,2019-10-16,-59882149.43312102
5,2019-10-23,-14567905.62420382
5,2019-11-13,-63271084.66878981
5,2019-11-20,-63488722.73248407
5,2019-11-27,-19262963.222929936
5,2019-12-04,-1924.5095541401274
5,2019-12-11,-67216663.17834395
5,2019-12-18,-32728575.05732484
5,2019-12-25,-55633449.66242038
5,2020-01-15,-60977930.53503184
5,2020-01-22,-60266456.280254774
5,2020-01-29,-17280426.25477707
5,2020-02-05,-1070765.9936305734
5,2020-02-12,-60211983.847133756
5,2020-02-19,-59344521.26751592
5,2020-02-26,-21558861.726114646
5,2020-03-04,-14221.32484076433
5,2020-03-11,-63577170.66242038
5,2020-03-18,-31561274.03821656
5,2020-03-25,-48317329.00636943
5,2020-04-01,-3849.019108280255
5,2020-04-08,-30334157.57961783
5,2020-04-15,-62789248.8598726
5,2020-04-22,-43077750.050955415
5,2020-04-29,-1096472.6242038216
5,2020-05-13,-61172765.08280255
5,2020-05-20,-61366645.929936305
5,2020-05-27,-11858443.681528661
5,2020-06-03,-849653.4076433121
5,2020-06-10,-57945465.05095541
5,2020-06-17,-58950335.484076425
5,2020-06-23,-13008528.617834395
5,2020-07-08,-26390389.89808917
5,2020-07-15,-57932649.25477707
5,2020-07-22,-40917147.49681529
5,2020-07-29,-1219801.7579617833
5,2020-08-12,-59020683.94267516
5,2020-08-19,-55690501.93630573
5,2020-08-26,-23698077.414012738
5,2020-09-09,-62309789.64968152
5,2020-09-16,-58908285.929936305
5,2020-09-23,-16841621.96178344
5,2020-09-30,-1145609.6114649682
5,2020-10-07,-30068865.286624204
5,2020-10-14,-62733844.89808916
5,2020-10-21,-33695906.5477707
5,2020-10-28,-266309.8789808917
5,2020-11-11,-63579845.59235668
5,2020-11-18,-57647367.62420382
5,2020-11-25,-18901539.286624204
5,2020-12-09,-66571582.4522293
5,2020-12-16,-58627727.69426752
5,2020-12-23,-12431141.0955414
5,2020-12-30,-1924.5095541401274
3,2017-01-13,-199813.9872611465
3,2017-01-20,-13029103.031847134
3,2017-01-23,-73265053.75796178
3,2017-01-27,-4644.617834394904
3,2017-01-30,-2235017.4904458597
3,2017-02-10,-20254777.070063695
3,2017-02-14,-1060289.2929936305
3,2017-02-17,-13567893.439490445
3,2017-02-21,-82962607.53503184
3,2017-02-28,-2574017.8089171974
3,2017-03-03,-4957.452229299362
3,2017-03-10,-20093874.076433122
3,2017-03-14,-1028733.9235668789
3,2017-03-17,-13955084.203821655
3,2017-03-21,-73018164.56050955
3,2017-03-24,-32314.757961783438
3,2017-03-28,-15573151.649681527
3,2017-03-31,-2.10828025477707
3,2017-04-14,-22048757.630573247
3,2017-04-21,-103961322.57961783
3,2017-04-28,-991273.2356687897
3,2017-05-12,-20700636.94267516
3,2017-05-15,-1079983.0891719745
3,2017-05-19,-13045402.84076433
3,2017-05-22,-57790046.65605095
3,2017-05-26,-28208.33121019108
3,2017-05-29,-907244.280254777
3,2017-06-09,-19108280.25477707
3,2017-06-14,-1190038.815286624
3,2017-06-16,-14924674.617834393
3,2017-06-21,-83611233.08280255
3,2017-06-23,-12994.197452229299
3,2017-06-28,-1027053.2420382166
3,2017-06-30,-23145.47770700637
3,2017-07-14,-27898684.031847134
3,2017-07-21,-76081370.47770701
3,2017-07-28,-927866.7388535031
3,2017-08-11,-16762080.299363056
3,2017-08-14,-1128044.9171974522
3,2017-08-18,-15134737.15286624
3,2017-08-21,-78969111.86624204
3,2017-08-25,-17270334.23566879
3,2017-08-28,-974407.7452229299
3,2017-09-14,-1187045.178343949
3,2017-09-15,-16474342.808917196
3,2017-09-21,-74780249.51592356
3,2017-09-22,-35616939.59235668
3,2017-09-28,-1021096.076433121
3,2017-10-06,-112.62420382165604
3,2017-10-13,-18968568.178343948
3,2017-10-16,-1275260.7324840764
3,2017-10-20,-30567096.802547768
3,2017-10-23,-84226864.89808917
3,2017-10-30,-1108957.3757961784
3,2017-11-10,-18114400.25477707
3,2017-11-14,-1219938.4649681528
3,2017-11-17,-293365.79617834394
3,2017-11-21,-105408629.65605095
3,2017-11-24,-14326130.420382166
3,2017-11-28,-1058087.2229299361
3,2017-12-01,-350.3184713375796
3,2017-12-08,-18571652.929936305
3,2017-12-14,-1253094.286624204
3,2017-12-15,-208578.37579617833
3,2017-12-19,-19082872.15286624
3,2017-12-21,-79309523.41401275
3,2017-12-22,-14256321.248407643
3,2017-12-28,-1083594.3312101911
3,2018-01-12,-18598636.203821655
3,2018-01-19,-18056282.554140124
3,2018-01-22,-90698169.77070063
3,2018-01-26,-21198.305732484074
3,2018-01-29,-2072967.4394904457
3,2018-02-02,-3944.936305732484
3,2018-02-09,-17321295.15286624
3,2018-02-14,-1051101.6624203823
3,2018-02-16,-55551.61146496815
3,2018-02-21,-94468226.75159235
3,2018-02-22,-30227491.81528662
3,2018-02-28,-7278901.757961783
3,2018-03-02,-84.77707006369425
3,2018-03-07,-16406070.331210192
3,2018-03-14,-984549.2356687898
3,2018-03-16,-18820561.834394902
3,2018-03-20,-19718123.515923567
3,2018-03-21,-72647613.4076433
3,2018-03-23,-50309.547770700636
3,2018-03-28,-845784.6751592356
3,2018-04-13,-17802218.668789808
3,2018-04-16,-132530.4076433121
3,2018-04-20,-37777227.89171974
3,2018-04-23,-80564700.66242038
3,2018-04-27,-27315.477707006372
3,2018-05-11,-17941622.31210191
3,2018-05-14,-140230.10191082803
3,2018-05-18,-1002996.2101910828
3,2018-05-21,-87289797.73248407
3,2018-05-25,-17587426.21656051
3,2018-06-08,-19108.28025477707
3,2018-06-14,-138323.69426751594
3,2018-06-15,-18140879.68789809
3,2018-06-21,-78171515.31847133
3,2018-06-22,-23614158.91719745
3,2018-06-29,-19670.05095541401
3,2018-07-13,-21229453.777070064
3,2018-07-16,-135853.8917197452
3,2018-07-17,-37604.92993630573
3,2018-07-20,-13520535.732484076
3,2018-07-23,-71279149.87261146
3,2018-07-27,-7745.095541401273
3,2018-08-10,-17784722.50955414
3,2018-08-14,-122844.75796178343
3,2018-08-17,-16076442.757961782
3,2018-08-21,-81000936.26751591
3,2018-08-31,-10981.936305732483
3,2018-09-14,-18677338.866242036
3,2018-09-21,-97124821.13375796
3,2018-10-05,-7274.535031847134
3,2018-10-12,-18588269.101910826
3,2018-10-15,-134742.20382165606
3,2018-10-19,-17390923.78343949
3,2018-10-22,-81382417.78980891
3,2018-10-26,-1318671.662420382
3,2018-11-09,-18407049.267515924
3,2018-11-14,-136421.53503184713
3,2018-11-16,-22063908.70700637
3,2018-11-21,-83703075.28025477
3,2018-11-23,-13.92356687898089
3,2018-12-14,-20962861.904458597
3,2018-12-21,-104618460.70063695
3,2018-12-26,-18374.751592356686
3,2019-01-11,-20122748.012738854
3,2019-01-18,-17826051.58598726
3,2019-01-21,-87085602.42675158
3,2019-01-25,-19177.229299363058
3,2019-02-14,-145210.8917197452
3,2019-02-15,-17546049.324840765
3,2019-02-21,-88049945.40127388
3,2019-02-22,-21428170.31210191
3,2019-03-14,-145393.89808917197
3,2019-03-15,-20477630.0955414
3,2019-03-21,-82950940.26114649
3,2019-03-22,-26869694.949044585
3,2019-04-12,-22168075.617834393
3,2019-04-15,-131558.95541401274
3,2019-04-19,-21696672.719745222
3,2019-04-22,-83584942.95541401
3,2019-04-26,-89557.91082802549
3,2019-05-14,-21463856.71974522
3,2019-05-17,-81268.89808917197
3,2019-05-21,-85832451.60509555
3,2019-05-24,-22764391.382165603
3,2019-06-14,-22258117.57324841
3,2019-06-21,-103415930.82165603
3,2019-07-12,-23300235.15923567
3,2019-07-15,-139626.3949044586
3,2019-07-19,-14373197.203821655
3,2019-07-22,-77746403.70700637
3,2019-08-09,-20039548.464968152
3,2019-08-14,-134040.16560509554
3,2019-08-16,-56362.29299363057
3,2019-08-21,-89252804.24840763
3,2019-08-23,-13393244.057324842
3,2019-09-06,-503011.05732484075
3,2019-09-13,-20190439.70700637
3,2019-09-16,-133777.59872611464
3,2019-09-23,-76676453.6687898
3,2019-09-27,-15267613.757961784
3,2019-10-11,-19774083.84076433
3,2019-10-14,-132993.5796178344
3,2019-10-18,-17129028.044585988
3,2019-10-21,-103713809.01273885
3,2019-11-14,-134909.96815286623
3,2019-11-15,-20053655.757961784
3,2019-11-21,-84367060.22929937
3,2019-11-22,-20237234.1910828
3,2019-12-13,-20372864.61146497
3,2019-12-16,-146263.45222929935
3,2019-12-20,-23851082.464968152
3,2019-12-23,-104282189.57961783
3,2019-12-27,-57.14012738853503
3,2020-01-10,-21134526.076433122
3,2020-01-17,-711358.7452229299
3,2020-01-21,-96689362.9745223
3,2020-01-24,-21410763.20382165
3,2020-01-31,-19.936305732484076
3,2020-02-14,-19776769.070063695
3,2020-02-21,-114102289.73248407
3,2020-03-13,-20460735.261146497
3,2020-03-16,-150002.98726114648
3,2020-03-20,-21538971.560509555
3,2020-03-23,-91042969.05732483
3,2020-04-07,-1227231.2929936305
3,2020-04-10,-20781341.229299363
3,2020-04-14,-139224.17834394902
3,2020-04-17,-221831.67515923566
3,2020-04-21,-91857368.84713376
3,2020-04-24,-21420066.56687898
3,2020-04-30,-745661.4649681528
3,2020-05-08,-20849928.617834393
3,2020-05-14,-145313.91719745222
3,2020-05-21,-93093148.45859873
3,2020-05-22,-19595308.5477707
3,2020-05-29,-518925.43949044583
3,2020-06-15,-20455338.738853503
3,2020-06-19,-16167647.343949042
3,2020-06-22,-91256114.89808916
3,2020-06-26,-1412296.101910828
3,2020-07-03,-445688.7898089172
3,2020-07-10,-20742573.72611465
3,2020-07-14,-141675.33757961783
3,2020-07-17,-216655.09554140127
3,2020-07-21,-85949928.0
3,2020-07-24,-17251584.178343948
3,2020-08-07,-121105.54140127389
3,2020-08-14,-21402854.17197452
3,2020-08-21,-114002216.80891718
3,2020-08-28,-265864.2165605095
3,2020-09-11,-20868677.955414012
3,2020-09-14,-518561.3949044586
3,2020-09-18,-18321613.477707006
3,2020-09-21,-96482686.07006368
3,2020-09-25,-280994.8025477707
3,2020-10-09,-277400.949044586
3,2020-10-14,-503493.5796178344
3,2020-10-16,-123704.15923566879
3,2020-10-21,-96317833.22929935
3,2020-10-23,-41039769.114649676
3,2020-11-13,-19448612.0
3,2020-11-16,-522847.6687898089
3,2020-11-20,-22009672.560509555
3,2020-11-23,-98642337.28025478
3,2020-11-27,-65.15286624203821
3,2020-12-14,-557738.974522293
3,2020-12-18,-42230321.43312102
3,2020-12-21,-98534224.80891718
3,2020-12-25,-264118.36305732484
4,2017-01-12,-18825590.58598726
4,2017-01-19,-18632722.299363058
4,2017-01-26,-12570595.72611465
4,2017-02-02,-13061829.439490445
4,2017-02-09,-10791835.764331209
4,2017-02-16,-19743266.611464966
4,2017-02-21,-8358470.592356687
4,2017-03-02,-15854445.420382164
4,2017-03-09,-11513061.420382164
4,2017-03-16,-14815063.643312102
4,2017-03-23,-23008001.91719745
4,2017-03-30,-1140827.3121019108
4,2017-04-06,-8841930.114649681
4,2017-04-13,-12876123.968152866
4,2017-04-20,-20130658.541401275
4,2017-04-27,-11275694.535031848
4,2017-05-04,-976431.3503184713
4,2017-05-11,-12029450.305732483
4,2017-05-18,-20985694.52229299
4,2017-05-25,-16205679.668789808
4,2017-06-08,-12888726.923566878
4,2017-06-15,-17184969.23566879
4,2017-06-22,-723271.5159235669
4,2017-06-29,-36123910.06369426
4,2017-07-06,-1493544.770700637
4,2017-07-13,-13600646.318471337
4,2017-07-20,-23357238.80254777
4,2017-07-27,-9050823.777070064
4,2017-08-03,-1599604.8662420383
4,2017-08-10,-13990590.33121019
4,2017-08-17,-22498786.025477707
4,2017-08-24,-14380613.114649681
4,2017-08-31,-303974.50318471337
4,2017-09-07,-1505554.9299363059
4,2017-09-14,-18765187.585987262
4,2017-09-21,-17422789.866242036
4,2017-09-28,-17840909.57961783
4,2017-10-05,-1985886.5414012738
4,2017-10-12,-19003556.420382164
4,2017-10-19,-18944563.70700637
4,2017-10-26,-19068161.55414013
4,2017-11-09,-26800201.993630573
4,2017-11-16,-25782760.891719744
4,2017-11-23,-19698112.535031848
4,2017-11-30,-1015260.1656050954
4,2017-12-07,-16622345.929936305
4,2017-12-14,-29074055.229299363
4,2017-12-21,-23317012.87898089
4,2017-12-27,-866556.4904458598
4,2018-01-11,-24217557.101910826
4,2018-01-18,-26998606.394904457
4,2018-01-25,-10842346.949044585
4,2018-02-01,-287267.61783439486
4,2018-02-08,-13321879.566878982
4,2018-02-15,-24202531.91719745
4,2018-02-22,-842356.8598726115
4,2018-03-01,-32806422.11464968
4,2018-03-06,-14940507.070063695
4,2018-03-15,-18898870.070063695
4,2018-03-22,-5768829.4522293
4,2018-03-29,-15053440.0
4,2018-04-05,-19560965.58598726
4,2018-04-12,-13882180.573248407
4,2018-04-19,-19287271.140127387
4,2018-04-26,-24478133.770700637
4,2018-05-03,-11314047.05732484
4,2018-05-10,-14617874.484076433
4,2018-05-17,-17993177.853503183
4,2018-05-24,-28758819.50318471
4,2018-06-07,-4638257.095541401
4,2018-06-14,-14670576.904458597
4,2018-06-21,-19560769.210191082
4,2018-06-22,-6316843.261146497
4,2018-06-28,-16784761.21656051
4,2018-07-05,-950793.3630573249
4,2018-07-12,-21003717.49044586
4,2018-07-19,-19893065.458598725
4,2018-07-20,-3025457.0636942675
4,2018-07-26,-9573659.796178345
4,2018-08-02,-216770.25477707005
4,2018-08-09,-14822550.292993631
4,2018-08-16,-24080610.55414013
4,2018-08-23,-10572085.464968152
4,2018-09-13,-18949799.127388533
4,2018-09-20,-17581946.484076433
4,2018-09-27,-15520595.52866242
4,2018-10-04,-1357451.1146496814
4,2018-10-11,-20098668.713375796
4,2018-10-18,-19324705.439490445
4,2018-10-25,-21634362.012738854
4,2018-11-01,-5309182.898089172
4,2018-11-08,-17761792.484076433
4,2018-11-15,-29050440.853503183
4,2018-11-22,-23435686.299363058
4,2018-12-06,-339529.025477707
4,2018-12-13,-17908076.458598725
4,2018-12-20,-21802466.210191082
4,2018-12-26,-7197908.643312102
4,2018-12-27,-15446872.738853503
4,2019-01-10,-17341654.955414012
4,2019-01-17,-29301680.554140124
4,2019-01-24,-43434229.59235668
4,2019-01-31,-3419876.1847133758
4,2019-02-07,-5437359.630573248
4,2019-02-14,-39750096.48407643
4,2019-02-21,-20493767.32484076
4,2019-02-28,-30896019.286624204
4,2019-03-07,-7299760.4522293
4,2019-03-14,-16942053.656050954
4,2019-03-21,-36254509.17197452
4,2019-03-28,-25850143.15286624
4,2019-04-04,-8198126.796178344
4,2019-04-11,-35090737.50955414
4,2019-04-18,-26528247.573248405
4,2019-04-22,-6946678.363057324
4,2019-04-25,-31536573.044585984
4,2019-05-07,-18429507.03821656
4,2019-05-13,-17709959.343949046
4,2019-05-16,-30421930.242038213
4,2019-05-23,-34360430.96178344
4,2019-06-06,-11701736.464968152
4,2019-06-13,-26368236.324840765
4,2019-06-20,-27440342.707006365
4,2019-06-27,-15603941.853503184
4,2019-07-04,-6947378.789808917
4,2019-07-11,-23150031.828025475
4,2019-07-18,-21684807.515923563
4,2019-07-25,-6518381.98089172
4,2019-08-01,-5588707.089171975
4,2019-08-08,-22915733.312101908
4,2019-08-15,-20929953.949044585
4,2019-08-22,-18313255.68152866
4,2019-08-29,-927971.585987261
4,2019-09-05,-6492579.579617834
4,2019-09-12,-21453348.382165603
4,2019-09-19,-20762687.012738854
4,2019-09-26,-19420249.891719744
4,2019-10-03,-6122026.828025477
4,2019-10-10,-17487031.554140124
4,2019-10-17,-21906123.07006369
4,2019-10-24,-19913879.52866242
4,2019-11-07,-15977759.050955415
4,2019-11-14,-23167146.93630573
4,2019-11-21,-21938818.012738854
4,2019-11-28,-25521495.401273884
4,2019-12-05,-23087620.382165603
4,2019-12-12,-24637711.764331207
4,2019-12-19,-23068876.72611465
4,2019-12-26,-24799016.44585987
4,2020-01-09,-6780352.968152866
4,2020-01-16,-16876369.439490445
4,2020-01-17,-15352857.23566879
4,2020-01-23,-29250400.044585988
4,2020-01-30,-24699457.713375796
4,2020-02-06,-6574317.318471337
4,2020-02-13,-33116782.757961784
4,2020-02-14,-6548175.929936306
4,2020-02-20,-22846614.999999996
4,2020-02-27,-23603618.50318471
4,2020-03-05,-8805929.668789808
4,2020-03-12,-38459652.16560509
4,2020-03-19,-21870500.968152866
4,2020-03-26,-25806108.044585988
4,2020-04-02,-14022427.044585988
4,2020-04-09,-25499550.32484076
4,2020-04-16,-32645088.56050955
4,2020-04-23,-26678281.9044586
4,2020-04-30,-5971377.815286624
4,2020-05-07,-38613266.41401274
4,2020-05-14,-17585789.089171976
4,2020-05-21,-23848980.598726112
4,2020-05-28,-3482021.8853503186
4,2020-06-04,-5336777.4140127385
4,2020-06-11,-24232908.01910828
4,2020-06-18,-53375845.2866242
4,2020-06-25,-736591.4713375797
4,2020-07-02,-29686877.668789808
4,2020-07-09,-23998416.261146497
4,2020-07-16,-31483181.0
4,2020-07-23,-1529181.095541401
4,2020-08-06,-23347543.707006365
4,2020-08-13,-26712270.006369423
4,2020-08-20,-24190895.94267516
4,2020-08-27,-3510353.898089172
4,2020-09-10,-23539308.503184713
4,2020-09-17,-32586618.006369427
4,2020-09-24,-22183361.60509554
4,2020-10-01,-6885591.350318471
4,2020-10-08,-17276004.08280255
4,2020-10-15,-29400534.789808914
4,2020-10-22,-18702561.038216557
4,2020-11-05,-6959645.414012739
4,2020-11-12,-24434068.50955414
4,2020-11-19,-30226551.866242036
4,2020-11-26,-15750541.687898088
4,2020-12-03,-18270860.987261146
4,2020-12-10,-24309295.55414013
4,2020-12-17,-23604310.407643314
4,2020-12-24,-21861627.11464968
4,2020-12-28,-3086100.222929936
0,2017-01-10,-371527166.72611463
0,2017-01-17,-536289902.40127385
0,2017-01-19,-157526.1464968153
0,2017-01-19,-328.9872611464968
0,2017-01-24,-347338402.52866244
0,2017-01-25,-2208059.72611465
0,2017-01-31,-303352.4968152866
0,2017-02-07,-456306548.4076433
0,2017-02-14,-164147400.9299363
0,2017-02-15,-9570402.140127387
0,2017-02-21,-659836306.8343949
0,2017-02-28,-5417289.757961784
0,2017-03-07,-414411034.6305732
0,2017-03-09,-330.29936305732485
0,2017-03-14,-152240652.05732483
0,2017-03-15,-4654221.687898089
0,2017-03-21,-419236032.75796175
0,2017-03-28,-240684655.2611465
0,2017-04-04,-369970057.7133758
0,2017-04-07,-502738.5159235668
0,2017-04-11,-78068822.82802548
0,2017-04-18,-381767628.79617834
0,2017-04-19,-68685933.66242038
0,2017-04-21,-322.28025477707007
0,2017-04-25,-364631747.3821656
0,2017-05-02,-13870.859872611465
0,2017-05-05,-418194688.12738854
0,2017-05-16,-451425053.8598726
0,2017-05-22,-138155.04458598726
0,2017-05-23,-117654945.7643312
0,2017-05-30,-243068761.8598726
0,2017-06-06,-346006792.522293
0,2017-06-13,-138199643.51592356
0,2017-06-15,-335.2101910828025
0,2017-06-20,-361491091.40127385
0,2017-06-27,-319400565.433121
0,2017-06-28,-1136718.0127388535
0,2017-07-04,-360985497.4968153
0,2017-07-06,-420672.4777070064
0,2017-07-11,-80168246.78980891
0,2017-07-12,-1130.3184713375795
0,2017-07-18,-313897465.4585987
0,2017-07-24,-530.2993630573249
0,2017-07-25,-341198037.8343949
0,2017-07-28,-357.58598726114644
0,2017-07-31,-18933497.649681527
0,2017-08-01,-412294700.20382166
0,2017-08-08,-103812330.50955413
0,2017-08-15,-380066187.75796175
0,2017-08-22,-73429684.64968152
0,2017-08-23,-12300763.592356687
0,2017-08-23,-11.273885350318471
0,2017-08-29,-270266581.5286624
0,2017-08-30,-3451136.1401273888
0,2017-09-05,-396057680.82802546
0,2017-09-12,-141613082.73248407
0,2017-09-19,-377682037.79617834
0,2017-09-22,-1910.828025477707
0,2017-09-26,-102070127.58598725
0,2017-09-28,-36.566878980891715
0,2017-10-03,-623045976.299363
0,2017-10-06,-328.62420382165607
0,2017-10-10,-124332367.91082802
0,2017-10-12,-1342.1656050955412
0,2017-10-17,-404520974.5923567
0,2017-10-23,-116745.86624203822
0,2017-10-24,-362349330.3057325
0,2017-10-30,-485.50955414012736
0,2017-10-31,-12637.573248407643
0,2017-11-07,-473806577.87261146
0,2017-11-14,-333987978.0573248
0,2017-11-21,-103730334.95541401
0,2017-11-21,-342.02547770700636
0,2017-11-23,-503948.7452229299
0,2017-11-28,-347604465.75159234
0,2017-11-29,-601.4267515923567
0,2017-12-05,-452408618.9299363
0,2017-12-12,-152263002.0509554
0,2017-12-13,-1114523.5286624203
0,2017-12-19,-517040058.9363057
0,2017-12-20,-1099211.9554140128
0,2017-12-26,-358353421.82802546
0,2017-12-28,-2062.4458598726114
0,2018-01-09,-597810373.8280255
0,2018-01-16,-414577408.49044585
0,2018-01-18,-246521.3630573248
0,2018-01-23,-385893616.1974522
0,2018-01-24,-298.3630573248408
0,2018-01-30,-958023.5286624203
0,2018-01-30,-737.9426751592356
0,2018-02-06,-531036830.7452229
0,2018-02-13,-125939945.477707
0,2018-02-14,-4146286.72611465
0,2018-02-20,-391230091.43312097
0,2018-02-21,-913533.5414012738
0,2018-02-27,-389272642.8407643
0,2018-02-28,-685.3694267515923
0,2018-03-06,-447896689.611465
0,2018-03-06,-1315.3248407643312
0,2018-03-13,-117976019.60509554
0,2018-03-20,-364736935.49681526
0,2018-03-21,-151154.26751592357
0,2018-03-27,-376927422.1464968
0,2018-03-30,-650.2420382165604
0,2018-04-03,-470327741.2611465
0,2018-04-06,-337.8535031847133
0,2018-04-10,-122159395.77070065
0,2018-04-17,-395637657.28662425
0,2018-04-19,-192164.3439490446
0,2018-04-24,-359717168.2611464
0,2018-04-25,-297.79617834394907
0,2018-04-28,-21694403.89808917
0,2018-05-04,-429480672.611465
0,2018-05-08,-78462581.47133757
0,2018-05-10,-72965.45222929935
0,2018-05-15,-398506556.64968157
0,2018-05-21,-174580.94267515923
0,2018-05-22,-337920208.80254775
0,2018-05-25,-24.37579617834395
0,2018-05-29,-55575040.178343944
0,2018-06-05,-407566422.5286624
0,2018-06-05,-362.2993630573248
0,2018-06-09,-21218.20382165605
0,2018-06-13,-121774685.97452228
0,2018-06-15,-1458.312101910828
0,2018-06-19,-363251065.8343949
0,2018-06-20,-4553.484076433121
0,2018-06-22,-228271.2101910828
0,2018-06-25,-1.9490445859872612
0,2018-06-26,-353596336.77707005
0,2018-07-03,-423984200.87261146
0,2018-07-05,-498380.4203821656
0,2018-07-09,-4224.955414012739
0,2018-07-10,-82871192.82802548
0,2018-07-17,-400650672.1719745
0,2018-07-18,-3266165.5350318467
0,2018-07-19,-304835.7834394904
0,2018-07-23,-2407610.0318471338
0,2018-07-24,-361887204.6878981
0,2018-07-25,-1672400.6751592357
0,2018-07-31,-26424044.700636942
0,2018-08-02,-408981303.18471336
0,2018-08-02,-8282.738853503184
0,2018-08-07,-2434879.108280255
0,2018-08-10,-2589.4713375796177
0,2018-08-14,-122374973.34394905
0,2018-08-21,-410096827.044586
0,2018-08-24,-15083919.178343948
0,2018-08-28,-378587584.5541401
0,2018-08-31,-227.39490445859872
0,2018-09-04,-412813065.6942675
0,2018-09-10,-224.10828025477707
0,2018-09-11,-97717290.98726113
0,2018-09-18,-387087011.66242033
0,2018-09-18,-1490.4585987261146
0,2018-09-19,-204934.57961783436
0,2018-09-20,-254047.93630573247
0,2018-09-25,-413012860.15286624
0,2018-09-26,-382106.01273885346
0,2018-09-28,-1133.5350318471337
0,2018-10-02,-403934804.2229299
0,2018-10-04,-16.43949044585987
0,2018-10-08,-698.1910828025478
0,2018-10-09,-86188778.84713376
0,2018-10-12,-364.67515923566873
0,2018-10-16,-453391946.0127388
0,2018-10-17,-6158156.318471338
0,2018-10-22,-224710.07006369426
0,2018-10-23,-376140572.07006365
0,2018-10-24,-588560.5095541402
0,2018-10-30,-25990726.713375792
0,2018-10-31,-144.60509554140125
0,2018-11-06,-437529587.9426752
0,2018-11-09,-438.11464968152865
0,2018-11-13,-134083378.98089172
0,2018-11-20,-407376700.49044585
0,2018-11-21,-582710.2484076433
0,2018-11-23,-185493.16560509554
0,2018-11-27,-364041307.93630576
0,2018-11-30,-647.5350318471337
0,2018-12-04,-443570344.955414
0,2018-12-10,-466.5605095541401
0,2018-12-11,-130616915.6687898
0,2018-12-12,-1473.9044585987263
0,2018-12-14,-363.2738853503185
0,2018-12-18,-335352788.07643306
0,2018-12-25,-372834592.3630573
0,2018-12-29,-414512.45222929935
0,2019-01-10,-571162511.7643312
0,2019-01-11,-382.28025477707
0,2019-01-15,-471548623.5987261
0,2019-01-22,-124035476.77070063
0,2019-01-29,-317445721.84713376
0,2019-02-01,-416.2484076433121
0,2019-02-05,-493280535.7452229
0,2019-02-06,-474746.8280254777
0,2019-02-08,-507.5605095541401
0,2019-02-12,-108493331.46496816
0,2019-02-19,-445208139.0127388
0,2019-02-21,-186726.70063694267
0,2019-02-26,-404173121.45222926
0,2019-02-27,-837.1910828025478
0,2019-03-05,-440319228.49681526
0,2019-03-07,-547678.847133758
0,2019-03-12,-141330821.4522293
0,2019-03-13,-5031202.74522293
0,2019-03-19,-413154573.6178344
0,2019-03-21,-266880.5668789809
0,2019-03-21,-1819.108280254777
0,2019-03-26,-379040795.47770697
0,2019-04-02,-493790601.7133758
0,2019-04-05,-518741.50318471337
0,2019-04-08,-399.1847133757962
0,2019-04-09,-92941135.84713376
0,2019-04-16,-495375076.05095536
0,2019-04-17,-729126.9808917198
0,2019-04-18,-212477.21656050952
0,2019-04-23,-390827266.11464965
0,2019-04-30,-28007963.076433122
0,2019-05-01,-5708.898089171974
0,2019-05-07,-456101229.8853503
0,2019-05-08,-200.71337579617833
0,2019-05-14,-324844492.3821656
0,2019-05-15,-531518.0891719746
0,2019-05-21,-304193277.7452229
0,2019-05-22,-8868605.757961782
0,2019-05-28,-404205578.87261146
0,2019-06-04,-449097770.80254775
0,2019-06-10,-60.675159235668794
0,2019-06-11,-97086957.52229299
0,2019-06-18,-481986744.6560509
0,2019-06-20,-228698.49044585988
0,2019-06-25,-437273149.5923567
0,2019-07-02,-428987883.3630573
0,2019-07-08,-160.12738853503186
0,2019-07-09,-106175201.82165606
0,2019-07-16,-439894621.8980892
0,2019-07-17,-1446922.439490446
0,2019-07-23,-361182064.9044586
0,2019-07-30,-792211.8917197451
0,2019-08-06,-68290519.08917198
0,2019-08-07,-2292125.917197452
0,2019-08-09,-65.55414012738854
0,2019-08-13,-96985507.35031846
0,2019-08-20,-173835296.1592357
0,2019-08-21,-25209003.68789809
0,2019-08-27,-1034237864.1847134
0,2019-09-03,-763209.6942675159
0,2019-09-10,-94498883.06369427
0,2019-09-17,-161651451.27388534
0,2019-09-24,-419795437.18471336
0,2019-09-25,-242163.50318471337
0,2019-09-27,-673288316.2611464
0,2019-10-01,-2455605.605095541
0,2019-10-08,-85305798.12101911
0,2019-10-15,-197382158.34394905
0,2019-10-22,-132378171.50955415
0,2019-10-29,-956631590.299363
0,2019-10-31,-52734.65605095541
0,2019-11-05,-1483498.8280254777
0,2019-11-12,-141502071.40764332
0,2019-11-19,-90658211.48407643
0,2019-11-26,-1081500544.0636942
0,2019-12-03,-1364217.9808917197
0,2019-12-10,-92278919.24840763
0,2019-12-17,-135795359.87261146
0,2019-12-20,-249401.35031847132
0,2019-12-24,-395138969.6687898
0,2019-12-27,-688182234.5414013
0,2020-01-09,-948025.407643312
0,2020-01-14,-109174502.31847133
0,2020-01-20,-141992.11464968152
0,2020-01-21,-142750745.6178344
0,2020-01-28,-886964788.3694267
0,2020-01-29,-253981324.8343949
0,2020-02-04,-6551139.5477707
0,2020-02-11,-86187143.7643312
0,2020-02-18,-164757571.65605095
0,2020-02-25,-1202323368.3312101
0,2020-03-03,-2979971.573248408
0,2020-03-10,-79227300.67515923
0,2020-03-12,-6708465.407643312
0,2020-03-17,-110723033.90445858
0,2020-03-19,-1309120.0828025478
0,2020-03-24,-64526570.77707007
0,2020-03-26,-97457535.74522293
0,2020-03-31,-733596074.0382166
0,2020-04-02,-255549547.31847134
0,2020-04-07,-771485.2101910828
0,2020-04-09,-78343949.04458599
0,2020-04-14,-57977228.522292994
0,2020-04-15,-489707.19745222933
0,2020-04-16,-99641775.03821656
0,2020-04-21,-278632598.84076434
0,2020-04-23,-136136041.22292992
0,2020-04-28,-774119332.5732484
0,2020-04-30,-25477707.006369427
0,2020-05-06,-170956.2229299363
0,2020-05-12,-84575614.0254777
0,2020-05-14,-1622.5350318471337
0,2020-05-19,-85672516.38853502
0,2020-05-21,-28729687.458598725
0,2020-05-26,-389317303.2675159
0,2020-05-28,-776573753.1719745
0,2020-06-02,-793818.2292993631
0,2020-06-04,-10652.101910828025
0,2020-06-09,-73521557.95541401
0,2020-06-11,-4529.197452229299
0,2020-06-16,-147610067.5286624
0,2020-06-17,-348035.9554140127
0,2020-06-23,-134618752.61146495
0,2020-06-30,-1021186524.5859872
0,2020-07-07,-149985.14012738853
0,2020-07-09,-4560.509554140127
0,2020-07-14,-118067586.33121018
0,2020-07-16,-3108377.1592356684
0,2020-07-21,-332160412.10828024
0,2020-07-23,-118.98089171974523
0,2020-07-28,-842819685.1847134
0,2020-07-29,-154449.83439490444
0,2020-07-30,-471029.5923566879
0,2020-08-04,-3060931.9171974524
0,2020-08-11,-112573619.41401273
0,2020-08-18,-173699054.39490443
0,2020-08-20,-1796635.9108280253
0,2020-08-25,-1103197150.8598726
0,2020-08-26,-1342282.7579617836
0,2020-08-27,-632899.6878980892
0,2020-09-01,-26250447.37579618
0,2020-09-03,-2941.9108280254777
0,2020-09-08,-88379323.01910827
0,2020-09-15,-190756825.80891716
0,2020-09-17,-22037222.585987262
0,2020-09-18,-7228352.82165605
0,2020-09-21,-251992.4076433121
0,2020-09-22,-423034367.0063694
0,2020-09-29,-720028361.4968152
0,2020-10-06,-919901.3757961782
0,2020-10-13,-93117587.28025478
0,2020-10-15,-2392773.566878981
0,2020-10-20,-425051048.7898089
0,2020-10-22,-1895526.3694267515
0,2020-10-27,-848522980.4522293
0,2020-10-29,-24206514.089171972
0,2020-11-03,-544487.7261146497
0,2020-11-10,-126906939.53503184
0,2020-11-12,-694423.1847133758
0,2020-11-17,-120593644.70063694
0,2020-11-19,-2923028.286624204
0,2020-11-24,-402602114.39490443
0,2020-11-26,-739860316.5095541
0,2020-12-01,-3226282.6624203823
0,2020-12-08,-91798500.06369425
0,2020-12-10,-495395.92356687895
0,2020-12-15,-108149644.40127389
0,2020-12-17,-778704.8789808917
0,2020-12-22,-398357613.06369424
0,2020-12-23,-19324961.566878982
0,2020-12-29,-760536537.5796179
0,2020-12-30,-551877.4394904458
1,2017-01-11,-13757822.222929936
1,2017-01-18,-27722301.171974525
1,2017-01-25,-96718.21019108279
1,2017-02-01,-3544730.1847133753
1,2017-02-08,-14825661.324840764
1,2017-02-15,-30096660.108280253
1,2017-02-22,-5945825.165605095
1,2017-03-01,-3186603.5668789805
1,2017-03-10,-24826309.496815283
1,2017-03-15,-18212074.815286625
1,2017-03-22,-5409864.560509553
1,2017-03-29,-221505.43949044583
1,2017-04-05,-19576751.732484076
1,2017-04-12,-4028813.070063694
1,2017-04-19,-26220891.57324841
1,2017-04-26,-6119873.649681529
1,2017-05-03,-2862147.770700637
1,2017-05-10,-15177319.579617832
1,2017-05-17,-19249245.675159235
1,2017-05-24,-12048562.452229299
1,2017-05-31,-2936645.7770700636
1,2017-06-07,-17041246.29299363
1,2017-06-14,-20577279.458598725
1,2017-06-21,-14093177.23566879
1,2017-06-28,-3111769.898089172
1,2017-07-05,-86792.45859872611
1,2017-07-12,-17227376.50955414
1,2017-07-19,-19028916.987261146
1,2017-07-26,-111025.13375796177
1,2017-08-02,-3140700.3184713377
1,2017-08-09,-13200128.439490445
1,2017-08-16,-16679611.216560509
1,2017-08-23,-11712463.503184712
1,2017-08-30,-3351261.7707006373
1,2017-09-06,-89156.54140127388
1,2017-09-13,-17980625.006369427
1,2017-09-20,-18938573.394904457
1,2017-09-27,-10531499.675159235
1,2017-10-04,-3145979.0636942675
1,2017-10-11,-13631944.305732483
1,2017-10-18,-21124162.35031847
1,2017-10-25,-5978867.420382165
1,2017-11-01,-3340451.719745223
1,2017-11-08,-14256170.40764331
1,2017-11-15,-17120528.617834393
1,2017-11-22,-14586158.611464968
1,2017-11-29,-3483400.0955414013
1,2017-12-06,-93259.31847133758
1,2017-12-13,-17516921.375796176
1,2017-12-20,-23582288.14012739
1,2017-12-27,-11183631.866242038
1,2018-01-10,-14489522.222929936
1,2018-01-17,-18442767.03184713
1,2018-01-24,-16623024.050955415
1,2018-01-31,-3488907.5732484073
1,2018-02-07,-14853803.477707006
1,2018-02-14,-19393421.713375796
1,2018-02-21,-10329083.299363056
1,2018-02-28,-12553363.146496816
1,2018-03-07,-14986391.484076431
1,2018-03-14,-19686618.248407643
1,2018-03-21,-10354291.382165605
1,2018-03-28,-7827380.121019107
1,2018-04-04,-3543534.318471337
1,2018-04-06,-5333.624203821656
1,2018-04-11,-16755026.694267515
1,2018-04-18,-31994772.58598726
1,2018-04-25,-9292967.579617834
1,2018-05-04,-3418499.7834394905
1,2018-05-07,-14296.5923566879
1,2018-05-10,-15250814.0
1,2018-05-16,-18797641.98089172
1,2018-05-23,-17573641.312101908
1,2018-05-30,-2979518.484076433
1,2018-06-06,-99226.69426751592
1,2018-06-07,-3071.375796178344
1,2018-06-13,-19753634.74522293
1,2018-06-20,-21883344.108280253
1,2018-06-27,-7425740.121019108
1,2018-07-04,-17594139.719745222
1,2018-07-11,-441908.6114649681
1,2018-07-18,-23709104.649681527
1,2018-07-25,-5262317.229299363
1,2018-08-01,-2994979.3439490446
1,2018-08-08,-15652028.738853503
1,2018-08-15,-19357466.649681527
1,2018-08-22,-5876347.286624203
1,2018-08-29,-12792989.261146497
1,2018-09-05,-16247857.522292992
1,2018-09-12,-3900012.6942675156
1,2018-09-19,-22115480.541401275
1,2018-09-26,-10039088.165605094
1,2018-10-03,-3299666.426751592
1,2018-10-10,-15664943.847133758
1,2018-10-17,-19454255.292993627
1,2018-10-24,-14218110.133757962
1,2018-10-31,-3427601.2101910827
1,2018-11-07,-386727.24203821656
1,2018-11-14,-19964378.60509554
1,2018-11-21,-24715322.585987262
1,2018-11-28,-11251384.579617834
1,2018-12-05,-169503.18471337578
1,2018-12-12,-18516456.885350317
1,2018-12-19,-25911087.662420385
1,2018-12-26,-6056516.127388535
1,2019-01-09,-19614162.82165605
1,2019-01-16,-20282338.038216557
1,2019-01-23,-17648091.713375796
1,2019-01-30,-3899230.464968153
1,2019-02-06,-15612089.114649681
1,2019-02-13,-20613375.77707006
1,2019-02-20,-12052163.917197453
1,2019-02-27,-12730339.910828024
1,2019-03-06,-15172032.993630573
1,2019-03-13,-18611706.19745223
1,2019-03-20,-11394122.248407643
1,2019-03-27,-6458586.191082803
1,2019-04-03,-3737115.923566879
1,2019-04-10,-16643774.006369427
1,2019-04-17,-35267811.11464968
1,2019-04-24,-13918099.305732483
1,2019-05-06,-4554.140127388535
1,2019-05-08,-16395899.127388533
1,2019-05-15,-15738252.6433121
1,2019-05-22,-19233912.210191082
1,2019-05-29,-2503300.636942675
1,2019-06-05,-16736556.299363056
1,2019-06-14,-19396128.394904457
1,2019-06-19,-6539320.904458598
1,2019-06-26,-5910572.554140127
1,2019-07-03,-3203105.732484076
1,2019-07-10,-15502807.350318471
1,2019-07-17,-18248207.89808917
1,2019-07-24,-11928610.22929936
1,2019-07-31,-5138018.535031847
1,2019-08-07,-17134008.598726112
1,2019-08-14,-17155528.98089172
1,2019-08-21,-682653.3885350318
1,2019-08-28,-16807438.261146497
1,2019-09-04,-16803843.13375796
1,2019-09-11,-17015932.617834397
1,2019-09-18,-6130400.089171975
1,2019-09-19,-119319.73885350318
1,2019-09-25,-14194998.38853503
1,2019-10-02,-573.2484076433121
1,2019-10-09,-14495834.808917196
1,2019-10-16,-15001455.726114647
1,2019-10-23,-10342306.681528661
1,2019-10-30,-6574424.420382165
1,2019-11-06,-295486.4203821656
1,2019-11-13,-16543982.267515924
1,2019-11-20,-24019403.070063695
1,2019-11-27,-15185147.560509555
1,2019-12-04,-223359.4713375796
1,2019-12-11,-15903387.643312102
1,2019-12-18,-24522946.47133758
1,2019-12-25,-14828262.426751593
1,2020-01-10,-513893.2611464968
1,2020-01-15,-16846007.146496814
1,2020-01-22,-25877197.547770698
1,2020-01-29,-18255197.515923567
1,2020-02-05,-193311.14012738853
1,2020-02-12,-17170047.477707006
1,2020-02-19,-27870277.878980894
1,2020-02-26,-16946316.853503186
1,2020-03-04,-218181.14012738853
1,2020-03-11,-15947809.464968152
1,2020-03-18,-27392830.60509554
1,2020-03-25,-14778758.318471337
1,2020-04-01,-11828.484076433122
1,2020-04-08,-18064100.05732484
1,2020-04-15,-18389509.324840765
1,2020-04-17,-2233.1464968152864
1,2020-04-22,-24515151.74522293
1,2020-04-29,-7753818.03821656
1,2020-05-06,-204770.6815286624
1,2020-05-13,-16651622.50955414
1,2020-05-20,-25410803.36942675
1,2020-05-27,-11453827.464968152
1,2020-06-03,-241522.3630573248
1,2020-06-10,-15387765.197452229
1,2020-06-17,-22357022.0
1,2020-06-25,-12744853.070063693
1,2020-07-02,-1528.6624203821655
1,2020-07-08,-15227049.592356687
1,2020-07-15,-15648628.433121018
1,2020-07-22,-6134287.101910828
1,2020-07-29,-14908493.668789808
1,2020-08-05,-16581876.350318471
1,2020-08-12,-16586495.808917198
1,2020-08-19,-6632505.777070063
1,2020-08-26,-18347897.19745223
1,2020-09-02,-10522.751592356688
1,2020-09-09,-17162723.248407643
1,2020-09-16,-17581454.36942675
1,2020-09-23,-5965096.375796178
1,2020-09-30,-16504714.318471337
1,2020-10-07,-17301446.01910828
1,2020-10-14,-17795006.98089172
1,2020-10-21,-6067071.254777069
1,2020-10-28,-15054817.280254776
1,2020-11-05,-240031.8535031847
1,2020-11-11,-18746450.21656051
1,2020-11-18,-27191157.617834393
1,2020-11-25,-16689107.13375796
1,2020-12-02,-1528.6624203821655
1,2020-12-09,-17961486.70700637
1,2020-12-16,-18050478.789808918
1,2020-12-23,-19270709.140127387
1,2020-12-30,-8601561.757961784
2,2017-01-11,-4402282.0636942675
2,2017-01-18,-21368.15286624204
2,2017-01-25,-5897387.222929936
2,2017-02-01,-1503.7261146496814
2,2017-02-08,-2792316.0891719745
2,2017-02-15,-202633.75796178344
2,2017-02-22,-6908736.184713376
2,2017-03-01,-10206.630573248407
2,2017-03-10,-3149189.3503184714
2,2017-03-15,-1893679.4904458597
2,2017-03-22,-4382014.318471338
2,2017-04-05,-2885490.585987261
2,2017-04-12,-914108.5605095541
2,2017-04-19,-3615276.9745222926
2,2017-04-20,-375173.0382165605
2,2017-04-26,-1080378.8280254777
2,2017-05-03,-2565662.4203821654
2,2017-05-10,-75691.36305732484
2,2017-05-17,-4803960.4585987255
2,2017-05-24,-73315.8280254777
2,2017-05-31,-190271.3630573248
2,2017-06-07,-2667331.5732484073
2,2017-06-14,-943995.5414012738
2,2017-06-21,-3442439.4904458597
2,2017-06-28,-561126.8089171974
2,2017-07-05,-2524094.76433121
2,2017-07-12,-1112356.6878980892
2,2017-07-19,-3288226.1146496814
2,2017-07-26,-324313.5605095541
2,2017-08-09,-3037870.9363057325
2,2017-08-16,-1013850.9554140127
2,2017-08-23,-3930929.9363057325
2,2017-08-30,-3055631.7961783437
2,2017-09-06,-96587.5668789809
2,2017-09-13,-3726254.7770700636
2,2017-09-20,-3356700.636942675
2,2017-09-27,-1783284.7834394902
2,2017-10-04,-2666452.2292993627
2,2017-10-11,-1203067.5159235669
2,2017-10-18,-3555490.4458598723
2,2017-10-25,-1479671.3885350318
2,2017-11-08,-2311281.541401274
2,2017-11-15,-1345159.2356687898
2,2017-11-22,-2940668.789808917
2,2017-11-29,-1991984.0445859872
2,2017-12-06,-3563870.178343949
2,2017-12-13,-2049636.1337579617
2,2017-12-20,-7098639.27388535
2,2018-01-10,-2707426.7515923567
2,2018-01-17,-5104895.713375796
2,2018-01-24,-3881511.878980892
2,2018-02-07,-2907858.0382165606
2,2018-02-14,-1678597.3757961781
2,2018-02-21,-6953606.923566878
2,2018-03-07,-2856796.178343949
2,2018-03-14,-2304181.8025477706
2,2018-03-21,-3809063.6942675156
2,2018-03-28,-2046434.7707006368
2,2018-04-04,-2661660.426751592
2,2018-04-11,-1164076.433121019
2,2018-04-18,-4860997.694267516
2,2018-04-25,-2356927.719745223
2,2018-05-04,-2705140.127388535
2,2018-05-10,-106582.1847133758
2,2018-05-16,-1980588.3248407643
2,2018-05-23,-3606847.1337579614
2,2018-05-30,-1840989.8598726115
2,2018-06-06,-2353127.3885350316
2,2018-06-13,-1408500.1656050954
2,2018-06-20,-3137484.0764331208
2,2018-06-27,-1623068.1210191082
2,2018-07-04,-2379636.9426751593
2,2018-07-11,-1180074.5222929935
2,2018-07-18,-3172847.1337579614
2,2018-07-25,-2795457.5796178346
2,2018-08-01,-3062.700636942675
2,2018-08-08,-2611436.789808917
2,2018-08-15,-1229391.8407643312
2,2018-08-16,-3999.1464968152864
2,2018-08-22,-3326453.0700636944
2,2018-08-29,-3681867.0828025476
2,2018-09-05,-2797404.9681528662
2,2018-09-12,-1203254.5031847134
2,2018-09-14,-14989.76433121019
2,2018-09-17,-79749.8025477707
2,2018-09-19,-3570229.299363057
2,2018-09-26,-3308802.611464968
2,2018-10-10,-2847625.3184713377
2,2018-10-11,-2588.4267515923566
2,2018-10-12,-27341.783439490442
2,2018-10-15,-120902.96815286623
2,2018-10-17,-5157938.433121019
2,2018-10-24,-1947546.713375796
2,2018-10-31,-1621.503184713376
2,2018-11-07,-2498961.7834394905
2,2018-11-08,-41.25477707006369
2,2018-11-14,-1087637.4267515924
2,2018-11-21,-3347541.4012738853
2,2018-11-28,-2568875.878980892
2,2018-12-05,-2690210.1910828026
2,2018-12-12,-1726759.4585987262
2,2018-12-19,-4284280.872611465
2,2018-12-26,-4117798.656050955
2,2019-01-09,-3668.789808917197
2,2019-01-16,-4352080.719745223
2,2019-01-23,-6984667.85987261
2,2019-01-30,-3653947.770700637
2,2019-02-06,-3348170.03821656
2,2019-02-13,-1134155.0
2,2019-02-20,-4221048.407643312
2,2019-02-27,-3987808.2165605095
2,2019-03-06,-3229700.636942675
2,2019-03-13,-1184687.8980891719
2,2019-03-20,-5350278.573248407
2,2019-03-27,-3131717.891719745
2,2019-04-03,-9363.057324840764
2,2019-04-10,-4377300.27388535
2,2019-04-17,-4328472.152866242
2,2019-04-24,-3295750.0955414013
2,2019-05-06,-3189592.356687898
2,2019-05-08,-107069.5541401274
2,2019-05-15,-1419649.3248407643
2,2019-05-22,-8035475.267515923
2,2019-06-05,-3093131.0573248407
2,2019-06-14,-1343323.949044586
2,2019-06-19,-3951649.6815286623
2,2019-06-26,-2217720.299363057
2,2019-07-03,-2886700.636942675
2,2019-07-17,-4507734.082802547
2,2019-07-23,-15352.738853503184
2,2019-07-24,-686866.6878980891
2,2019-07-31,-953876.0828025477
2,2019-08-07,-2520551.847133758
2,2019-08-14,-642629.3312101911
2,2019-08-21,-6169955.426751592
2,2019-08-28,-113906.3949044586
2,2019-09-04,-2710426.7515923567
2,2019-09-11,-702027.4649681529
2,2019-09-18,-3735023.3439490446
2,2019-09-19,-4763.426751592357
2,2019-09-25,-4624939.554140127
2,2019-10-03,-96.35031847133759
2,2019-10-09,-2988977.535031847
2,2019-10-16,-720559.0191082802
2,2019-10-23,-8511318.662420383
2,2019-10-30,-14215.286624203822
2,2019-11-06,-3122804.5477707004
2,2019-11-13,-636325.4649681528
2,2019-11-20,-4056860.6751592355
2,2019-11-22,-17686.87898089172
2,2019-11-27,-3496020.9617834394
2,2019-12-04,-2679770.7006369424
2,2019-12-11,-555711.5923566879
2,2019-12-18,-5165363.433121019
2,2019-12-25,-2229312.738853503
2,2020-01-10,-10394.904458598725
2,2020-01-15,-3317220.6369426753
2,2020-01-17,-2259.101910828025
2,2020-01-20,-15775.433121019109
2,2020-01-22,-4771377.50955414
2,2020-01-29,-4412804.7197452225
2,2020-02-05,-460642.3949044586
2,2020-02-12,-5866299.573248408
2,2020-02-19,-6867634.0636942675
2,2020-02-26,-4851290.961783439
2,2020-03-04,-3093987.2611464965
2,2020-03-05,-30.4140127388535
2,2020-03-11,-4652671.777070064
2,2020-03-18,-5253229.299363057
2,2020-03-25,-3424550.426751592
2,2020-04-08,-3259108.280254777
2,2020-04-15,-902901.668789809
2,2020-04-22,-4331324.840764331
2,2020-04-29,-3945410.50955414
2,2020-05-06,-3318630.5732484073
2,2020-05-13,-860579.2356687897
2,2020-05-18,-6815.490445859872
2,2020-05-20,-5740287.74522293
2,2020-05-27,-2749191.898089172
2,2020-06-03,-2857630.5732484073
2,2020-06-10,-135696.05732484075
2,2020-06-17,-4266340.662420382
2,2020-06-25,-735404.1210191082
2,2020-07-08,-2316331.2101910827
2,2020-07-15,-658186.4458598726
2,2020-07-22,-3223776.4394904454
2,2020-07-29,-2347826.312101911
2,2020-08-05,-2519211.464968153
2,2020-08-12,-694253.0828025478
2,2020-08-19,-3275808.917197452
2,2020-08-26,-5615160.05732484
2,2020-09-02,-3089152.866242038
2,2020-09-09,-3363.057324840764
2,2020-09-16,-4874139.070063694
2,2020-09-23,-738004.5477707005
2,2020-09-30,-4322814.3694267515
2,2020-10-07,-2998088.1910828026
2,2020-10-14,-604458.5987261146
2,2020-10-21,-4891527.74522293
2,2020-10-28,-1861049.2165605095
2,2020-11-05,-2788208.407643312
2,2020-11-11,-577431.3375796177
2,2020-11-18,-3597024.27388535
2,2020-11-25,-3931630.8216560506
2,2020-12-09,-3151188.025477707
2,2020-12-16,-2368075.3630573247
2,2020-12-23,-5822106.6305732485
2,2020-12-30,-4076472.1337579614
6,2017-01-11,-721219.9872611464
6,2017-01-18,-3654777.070063694
6,2017-01-25,-867157.7324840763
6,2017-02-01,-4726114.649681528
6,2017-02-08,-113324.9872611465
6,2017-02-15,-3119108.280254777
6,2017-02-22,-1757989.611464968
6,2017-03-01,-4742366.23566879
6,2017-03-15,-2551313.159235669
6,2017-03-22,-1374611.8025477706
6,2017-03-29,-3731729.2292993627
6,2017-04-12,-2715664.0318471338
6,2017-04-19,-258598.72611464967
6,2017-04-26,-308603.3885350318
6,2017-05-03,-2196178.3439490446
6,2017-05-10,-955414.0127388535
6,2017-05-17,-2061766.8853503182
6,2017-05-24,-615835.898089172
6,2017-05-31,-1873337.917197452
6,2017-06-14,-2476734.152866242
6,2017-06-21,-738524.356687898
6,2017-06-28,-2136139.757961783
6,2017-07-12,-2279265.1401273883
6,2017-07-19,-275157.2866242038
6,2017-07-26,-1485828.3248407645
6,2017-08-02,-1903184.713375796
6,2017-08-09,-1012738.8535031846
6,2017-08-16,-1497546.3949044584
6,2017-08-23,-267515.92356687895
6,2017-08-30,-2279925.5031847134
6,2017-09-13,-2732887.388535032
6,2017-09-20,-289808.9171974522
6,2017-09-27,-2408024.611464968
6,2017-10-11,-2950651.955414013
6,2017-10-18,-449044.58598726115
6,2017-10-25,-521835.050955414
6,2017-11-01,-2859688.821656051
6,2017-11-08,-1037324.5350318471
6,2017-11-15,-1520382.1656050954
6,2017-11-22,-484076.4331210191
6,2017-11-29,-3912294.840764331
6,2017-12-06,-8096.464968152866
6,2017-12-13,-2149635.74522293
6,2017-12-20,-433121.01910828025
6,2017-12-27,-3878759.25477707
6,2018-01-10,-8096.464968152866
6,2018-01-17,-2474566.1082802545
6,2018-01-24,-592356.6878980892
6,2018-01-31,-4518514.121019108
6,2018-02-07,-636942.6751592356
6,2018-02-14,-2536201.573248408
6,2018-02-21,-477707.00636942673
6,2018-02-28,-3910177.331210191
6,2018-03-07,-725796.4968152866
6,2018-03-14,-3282091.1210191078
6,2018-03-21,-906369.4267515923
6,2018-03-28,-3573825.5286624203
6,2018-04-04,-44426.91082802547
6,2018-04-11,-3387898.0891719745
6,2018-04-18,-711007.6815286624
6,2018-04-25,-2763788.719745223
6,2018-05-04,-183280.41401273885
6,2018-05-10,-113160.54140127388
6,2018-05-16,-1212738.8535031846
6,2018-05-23,-1273885.3503184712
6,2018-05-30,-2224748.171974522
6,2018-06-06,-63341.3949044586
6,2018-06-13,-920382.1656050954
6,2018-06-20,-2384894.0573248407
6,2018-06-27,-2164424.4522292996
6,2018-07-04,-44426.91082802547
6,2018-07-11,-1652729.3885350318
6,2018-07-18,-8023.4394904458595
6,2018-07-25,-1505179.0318471338
6,2018-08-01,-1969426.7515923567
6,2018-08-08,-1789649.8407643312
6,2018-08-15,-1346303.7197452227
6,2018-08-22,-877701.1592356688
6,2018-08-29,-1850761.617834395
6,2018-09-05,-216939.42675159237
6,2018-09-12,-1968789.8089171974
6,2018-09-19,-292993.6305732484
6,2018-09-26,-520062.2738853503
6,2018-10-03,-2211368.152866242
6,2018-10-10,-426592.5159235669
6,2018-10-17,-1585987.2611464967
6,2018-10-24,-1437925.5987261145
6,2018-10-31,-2598815.6242038216
6,2018-11-07,-167755.15923566878
6,2018-11-14,-2361955.414012739
6,2018-11-21,-420382.1656050955
6,2018-11-28,-3271105.4840764333
6,2018-12-05,-119899.6178343949
6,2018-12-12,-2848885.50955414
6,2018-12-19,-575159.2356687898
6,2018-12-26,-296657.80254777067
6,2019-01-09,-4575535.191082803
6,2019-01-16,-2593081.5222929935
6,2019-01-23,-1101044.560509554
6,2019-01-30,-4001019.1082802545
6,2019-02-06,-3078.757961783439
6,2019-02-13,-4120922.121019108
6,2019-02-20,-785107.8089171974
6,2019-02-27,-4309510.3248407645
6,2019-03-06,-96923.99999999999
6,2019-03-13,-2734673.3248407645
6,2019-03-20,-909414.0127388535
6,2019-03-27,-240942.61146496815
6,2019-04-03,-4390265.025477706
6,2019-04-10,-807703.2356687898
6,2019-04-17,-1838853.5031847132
6,2019-04-24,-2598726.1146496814
6,2019-05-06,-788639.6687898089
6,2019-05-08,-44793.2101910828
6,2019-05-15,-983389.9617834395
6,2019-05-22,-251143.59872611464
6,2019-05-29,-2293482.159235669
6,2019-06-05,-47774.10191082802
6,2019-06-14,-1280340.8089171974
6,2019-06-19,-3233275.5031847134
6,2019-06-26,-582632.6815286624
6,2019-07-03,-1929748.9936305732
6,2019-07-10,-2279619.044585987
6,2019-07-17,-629791.9490445859
6,2019-07-24,-538988.5987261146
6,2019-07-31,-46714.91082802548
6,2019-08-07,-180910.9299363057
6,2019-08-14,-385905.3375796178
6,2019-08-21,-1288535.0318471338
6,2019-08-28,-2968269.847133758
6,2019-09-04,-51947.35031847133
6,2019-09-11,-982574.1910828025
6,2019-09-18,-168152.8662420382
6,2019-09-25,-4697434.878980892
6,2019-10-09,-1421802.3184713377
6,2019-10-23,-4183616.50955414
6,2019-10-30,-368859.1082802548
6,2019-11-06,-44793.2101910828
6,2019-11-13,-1155599.1082802548
6,2019-11-20,-350318.4713375796
6,2019-11-27,-3473763.6687898086
6,2019-12-04,-50156.732484076434
6,2019-12-11,-8529.936305732484
6,2019-12-18,-594540.0382165605
6,2019-12-25,-4803262.299363057
6,2020-01-10,-1146.4968152866243
6,2020-01-15,-109672.06369426752
6,2020-01-22,-5126175.968152866
6,2020-01-29,-892864.4140127387
6,2020-02-05,-4127.388535031847
6,2020-02-12,-149180.87898089172
6,2020-02-19,-338216.5605095541
6,2020-02-26,-4899070.515923567
6,2020-03-04,-83851.93630573248
6,2020-03-11,-157662.94267515923
6,2020-03-18,-380214.01273885346
6,2020-03-25,-5048762.687898089
6,2020-04-01,-51845.82165605095
6,2020-04-08,-5010.617834394904
6,2020-04-15,-110117.45859872611
6,2020-04-22,-5232983.891719745
6,2020-04-29,-302459.5286624204
6,2020-05-06,-41925.96815286624
6,2020-05-13,-122470.09554140126
6,2020-05-20,-2075490.2929936303
6,2020-05-27,-3691964.146496815
6,2020-06-03,-143815.5668789809
6,2020-06-17,-348006.8152866242
6,2020-06-25,-5251461.49044586
6,2020-07-08,-41925.96815286624
6,2020-07-15,-133551.19108280254
6,2020-07-22,-5059332.082802548
6,2020-07-29,-227371.64968152865
6,2020-08-12,-96315.84076433121
6,2020-08-19,-253267.32484076434
6,2020-08-26,-4707970.4522293
6,2020-09-02,-4038.216560509554
6,2020-09-09,-17008.101910828027
6,2020-09-16,-176482.87898089172
6,2020-09-23,-4533061.770700637
6,2020-09-30,-5010.617834394904
6,2020-10-07,-8585.987261146496
6,2020-10-14,-140311.66878980893
6,2020-10-21,-3076433.121019108
6,2020-10-28,-3274442.535031847
6,2020-11-05,-6945.222929936305
6,2020-11-11,-143594.4585987261
6,2020-11-18,-316170.2866242038
6,2020-11-25,-4857611.649681528
6,2020-12-02,-1783.4394904458597
6,2020-12-09,-202909.6942675159
6,2020-12-16,-8341.146496815287
6,2020-12-23,-28727595.19745223
6,2020-12-30,-344147.75796178344
